<?xml version="1.0" encoding="UTF-8"?>

<mule xmlns:email="http://www.mulesoft.org/schema/mule/email" xmlns:sftplite="http://www.mulesoft.org/schema/mule/sftplite"
	xmlns:batch="http://www.mulesoft.org/schema/mule/batch"
	xmlns:e-framework="http://www.mulesoft.org/schema/mule/e-framework"
	xmlns:json="http://www.mulesoft.org/schema/mule/json" xmlns:validation="http://www.mulesoft.org/schema/mule/validation"
	xmlns:tracking="http://www.mulesoft.org/schema/mule/ee/tracking"
	xmlns:metadata="http://www.mulesoft.org/schema/mule/metadata"
	xmlns:http="http://www.mulesoft.org/schema/mule/http" xmlns:sftp="http://www.mulesoft.org/schema/mule/sftp"
	xmlns:dw="http://www.mulesoft.org/schema/mule/ee/dw" xmlns="http://www.mulesoft.org/schema/mule/core"
	xmlns:doc="http://www.mulesoft.org/schema/mule/documentation"
	xmlns:spring="http://www.springframework.org/schema/beans" xmlns:xsi="http://www.w3.org/2001/XMLSchema-instance"
	xsi:schemaLocation="http://www.mulesoft.org/schema/mule/sftplite http://www.mulesoft.org/schema/mule/sftplite/current/mule-sftplite.xsd
http://www.mulesoft.org/schema/mule/batch http://www.mulesoft.org/schema/mule/batch/current/mule-batch.xsd
http://www.springframework.org/schema/beans http://www.springframework.org/schema/beans/spring-beans-current.xsd
http://www.mulesoft.org/schema/mule/http http://www.mulesoft.org/schema/mule/http/current/mule-http.xsd
http://www.mulesoft.org/schema/mule/sftp http://www.mulesoft.org/schema/mule/sftp/current/mule-sftp.xsd
http://www.mulesoft.org/schema/mule/ee/dw http://www.mulesoft.org/schema/mule/ee/dw/current/dw.xsd
http://www.mulesoft.org/schema/mule/core http://www.mulesoft.org/schema/mule/core/current/mule.xsd
http://www.mulesoft.org/schema/mule/ee/tracking http://www.mulesoft.org/schema/mule/ee/tracking/current/mule-tracking-ee.xsd
http://www.mulesoft.org/schema/mule/validation http://www.mulesoft.org/schema/mule/validation/current/mule-validation.xsd
http://www.mulesoft.org/schema/mule/json http://www.mulesoft.org/schema/mule/json/current/mule-json.xsd
http://www.mulesoft.org/schema/mule/e-framework http://www.mulesoft.org/schema/mule/e-framework/current/mule-e-framework.xsd
http://www.mulesoft.org/schema/mule/email http://www.mulesoft.org/schema/mule/email/current/mule-email.xsd">
	<sftplite:config name="Sftplite" doc:name="Sftplite" />

	<validation:config name="Validation_Configuration"
		doc:name="Validation Configuration" />
	<sub-flow
		name="dcj-ors-mj-cdot-fatalities-job:sendFatalitiesSuccessMessage">
		<logger message="SENDING SUCCESS MESSAGE" level="INFO"
			doc:name="Logger" />
	</sub-flow>
	<sub-flow
		name="dcj-ors-mj-cdot-fatalities-job:sendFatalitiesProblemsMessage">
		<logger message="SEND PROBLEMS MESSAGE " level="INFO"
			doc:name="Logger" />
	</sub-flow>
	<sub-flow
		name="dcj-ors-mj-cdot-fatalities-job:sendHttpNon200ReturnedMessage">
		<logger
			message="SENDING FATALITIES HTTP NON 200 RETURNED MESSAGE, response status = #[flowVars.responseHttpStatus]"
			level="INFO" doc:name="Logger" />
	</sub-flow>


	<flow name="dcj-ors-mj-cdot-fatalities-job:fatalitiesFlow">



		<poll doc:name="Poll">
			<fixed-frequency-scheduler frequency="1"
				timeUnit="MINUTES" />
			<sftplite:get-folder config-ref="Sftplite"
				hostName="${sftp.host}" password="${sftp.pass}" userName="${sftp.user}"
				doc:name="Sftplite" path="${sftp.path}" port="${sftp.port}" />
		</poll>
		<dw:transform-message doc:name="Transform Message">
			<dw:set-variable variableName="excelFile"><![CDATA[%dw 1.0
%output application/java
---
((payload filter (upper $.filename endsWith "XLSX"))[0]).filename default ""]]></dw:set-variable>
		</dw:transform-message>
	
		<choice doc:name="Choice">
			<when expression="#[flowVars.excelFile == &quot;&quot;]">
				<logger message="No xlsx files to process in cdot fatalities archive"
					level="INFO" doc:name="Logger"
					category="dcj-ors-mj-cdot-fatalities-job-logger" />
			</when>
			<otherwise>
				<sftplite:get-file-content config-ref="Sftplite"
					filePath="${sftp.path}/#[flowVars.excelFile]" hostName="${sftp.host}"
					password="${sftp.pass}" port="${sftp.port}" userName="${sftp.user}"
					doc:name="Sftplite" />

				<!-- <byte-array-to-string-transformer
					doc:name="Byte Array to String" />-->
					
									<dw:transform-message doc:name="Transform Message"
					metadata:id="34e4140c-960e-4545-9fd3-ce44a3b15185">
					
					
					<dw:input-payload mimeType="application/xlsx" doc:sample="C:\MJFiles\CDOT fatalities Master Tox File_2017.csv"/>
					<dw:set-payload><![CDATA[%dw 1.0
%output application/json
---
payload.Sheet1 map ((row) -> {
	Obs: row.Obs ,
	Veh: row.Veh ,
	Per: row.Per ,
	StateID: row.StateID,
	AgencyCase: row.AgencyCase,
	City: row.City,
	County: row.County,
	CrashDate: row.CrashDate  as :date{format:"dd-MMM-yy"},
	CrashTime: row.CrashTime,
	PersonType: row.PersonType,
	Gender: row.Gender,
	Age: row.Age,
	InjurySev: row.InjurySev,
	FARSBAC: row.FARSBAC,
	BACResult: row.BACResult,
	DrugCode1: row.DrugCode1  ,
	Drug1Name: row.Drug1Name,
	Drug1ngs: row.Drug1ngs,
	DrugCode2: row.DrugCode2 ,
	Drug2Name: row.Drug2Name,
	Drug2ngs: row.Drug2ngs,
	DrugCode3: row.DrugCode3,
	Drug3Name: row.Drug3Name,
	Drug3ngs: row.Drug3ngs,
	DrugCode4: row.DrugCode4,
	Drug4Name: row.Drug4Name,
	Drug4ngs: row.Drug4ngs,
	DrugCode5: row.DrugCode5,
	Drug5Name: row.Drug5Name,
	Drug5ngs: row.Drug5ngs,
	DrugCode6: row.DrugCode6,
	Drug6Name: row.Drug6Name,
	Drug6ngs: row.Drug6ngs,
	DrugCode7: row.DrugCode7,
	Drug7Name: row.Drug7Name,
	Drug7ngs: row.Drug7ngs,
	DrugCode8: row.DrugCode8,
	Drug8Name: row.Drug8Name,
	Drug8ngs: row.Drug8ngs,
	DrugCode9: row.DrugCode9,
	Drug9Name: row.Drug9Name,
	Drug9ngs: row.Drug9ngs

})]]></dw:set-payload>
				</dw:transform-message>

                <!--  <byte-array-to-object-transformer doc:name="Byte Array to Object"/>
				<json:object-to-json-transformer
					doc:name="Object to JSON" />-->

				<set-variable variableName="fileName" value="#[flowVars.excelFile]"
					doc:name="Variable - Set fileName" />
				<set-variable variableName="username" value="${sftp.user}"
					doc:name="Variable - Set username" />
				<set-variable variableName="password" value="${sftp.pass}"
					doc:name="Variable - Set password" />
				<set-variable variableName="path" value="${sftp.path}"
					doc:name="Variable - Set path" />
				<set-variable variableName="host" value="${sftp.host}"
					doc:name="Variable - Set host" />
				<set-variable variableName="port" value="${sftp.port}"
					doc:name="Variable - Set port" />
				<component class="dcj.ors.mj.utils.SftpHelper" doc:name="Java - Delete File from MoveIt Server" />
				<!-- <custom-interceptor class="org.mule.consulting.interceptor.TimerInterceptor" 
					doc:name="Timer Interceptor"> <spring:property name="timerName" value="flow 
					timer" /> </custom-interceptor> -->
				<set-variable variableName="TraceID"
					value="#[java.util.UUID.randomUUID().toString()]" doc:name="Variable - Set TraceID" />
				<set-variable variableName="msgLoc" value="fatalitiesFlow"
					doc:name="Variable - Set msgLoc" />
				<set-variable variableName="transactionType" value="file-process"
					doc:name="Variable - set transactionType" />
				<set-variable variableName="fileName"
					value="#[message.inboundProperties.originalFilename]" doc:name="Variable - set fileName" />
				<logger
					message="#[app.name] - #[flowVars.msgLoc] - TraceID=#[flowVars.TraceID] :: STARTED 
FATALITIES FLOW, http.host = *${http.host}, http.port = *${sys.api.port}, http.basePath = *${http.basePath}, http.pathCount = *${http.pathCount}* "
					level="INFO" category="dcj-ors-mj-cdot-fatalities-job-logger"
					doc:name="Logger" />
				<enricher source="#[json:'count']" target="#[flowVars.count]"
					doc:name="Message Enricher">
					<http:request config-ref="HTTP_Request_Configuration"
						path="${http.pathCount}" method="GET"
						doc:name="HTTP - Call Datawarehouse API to get Data count">
						<http:request-builder>
                            <http:header headerName="client_id" value="${http.clientId}"/>
                            <http:header headerName="client_secret" value="${http.clientSecret}"/>

						</http:request-builder>
					</http:request>
				</enricher>

				<set-variable variableName="dwJson"
					value="#[message.payloadAs(java.lang.String)]" doc:name="Variable - set dwJson" />
				<logger
					message="#[app.name] - #[flowVars.msgLoc] - TraceID=#[flowVars.TraceID] :: Before fatalities iterator."
					level="INFO" doc:name="Logger" category="dcj-ors-mj-cdot-fatalities-job-logger"/>
				<flow-ref
					name="dcj-ors-mj-colorado-bureau-of-investigation-job:FatalitiesIterator"
					doc:name="Flow Reference - Fatalities Iterator" />
				
				
				<logger
					message="#[app.name] - #[flowVars.msgLoc] - TraceID=#[flowVars.TraceID] :: After fatalities iterator. :: #[flowVars.problems]"
					level="INFO" doc:name="Logger" category="dcj-ors-mj-cdot-fatalities-job-logger"/>
				<set-variable variableName="msgLoc" value="fatalitiesFlow"
					doc:name="Variable - Set msgLoc" />
				<validation:is-true config-ref="Validation_Configuration"
					message="Problems found in Fatalities list" exceptionClass="dcj.ors.mj.exceptions.ValidationException"
					 doc:name="Validation - Check for problems in problems list" expression="#[flowVars.problems.size() == 0]"/>
                <logger message="Passed after fatalities iterator flow Abhi #[payload]" level="INFO" doc:name="Logger"/>
				<set-payload value="#[flowVars.dwJson]" doc:name="Set Payload" />
                <dw:transform-message doc:name="Transform Message">
                    <dw:set-payload><![CDATA[%dw 1.0
%output application/json
---
read(payload, "application/json")]]></dw:set-payload>
                </dw:transform-message>
				<dw:transform-message doc:name="Transform Message"
					metadata:id="7afa0571-abc8-46bc-aea5-4a3e068b0b81">
					<dw:input-payload  doc:sample="C:\MJFiles\CDOT fatalities Master Tox File_2017.csv"/>
					<dw:input-variable mimeType="application/xlsx"
						variableName="fileInput" />
					<dw:set-payload><![CDATA[%dw 1.0
%output application/java
---
	payload map ((payload01 , indexOfPayload01) -> {
	Obs : payload01.Obs ,
	Veh : payload01.Veh ,
	Per : payload01.Per ,
	StateID : payload01.StateID ,
	AgencyCase: payload01.AgencyCase ,
	City: payload01.City,
	County: payload01.County,
	CrashDate: payload01.CrashDate as :date{format:"dd-MMM-yy"} as :string{format:"yyyy-MM-dd"},
	CrashTime: payload01.CrashTime,
	PersonType: payload01.PersonType,
	Gender: payload01.Gender,
	Age: payload01.age ,
	InjurySev: payload01.InjurySev ,
	FARSBAC: payload01.FARSBAC ,
	BACResult: payload01.BACResult ,
	DrugCode1: payload01.DrugCode1 ,
	Drug1Name: payload01.Drug1Name,
	Drug1ngs: payload01.Drug1ngs,
	DrugCode2: payload01.DrugCode2 ,
	Drug2Name: payload01.Drug2Name,
	Drug2ngs: payload01.Drug2ngs,
	DrugCode3: payload01.DrugCode3 ,
	Drug3Name: payload01.Drug3Name,
	Drug3ngs: payload01.Drug3ngs,
	DrugCode4: payload01.DrugCode4 ,
	Drug4Name: payload01.Drug4Name,
	Drug4ngs: payload01.Drug4ngs,
	DrugCode5: payload01.DrugCode5 ,
	Drug5Name: payload01.Drug5Name,
	Drug5ngs: payload01.Drug5ngs,
	DrugCode6: payload01.DrugCode6 ,
	Drug6Name: payload01.Drug6Name,
	Drug6ngs: payload01.Drug6ngs,
	DrugCode7: payload01.DrugCode7 ,
	Drug7Name: payload01.Drug7Name,
	Drug7ngs: payload01.Drug7ngs,
	DrugCode8: payload01.DrugCode8 ,
	Drug8Name: payload01.Drug8Name,
	Drug8ngs: payload01.Drug8ngs,
	DrugCode9: payload01.DrugCode9 ,
	Drug9Name: payload01.Drug9Name,
	Drug9ngs: payload01.Drug9ngs
	
	
})]]></dw:set-payload>
				</dw:transform-message>
                <logger message="After Transform Message #[payload]" level="INFO" doc:name="Logger"/>


				<choice doc:name="Choice">
					<when expression="#[flowVars.count != 0]">
						<logger
							message="#[app.name] - #[flowVars.msgLoc] - TraceID=#[flowVars.TraceID] :: Attempting to PUT"
							level="INFO" doc:name="Logger" category="dcj-ors-mj-cdot-fatalities-job-logger"/>

                        <foreach  batchSize="1000" doc:name="For Each">
                            <logger message="I am in For each Abhi #[payload]" level="INFO" doc:name="Logger" category="dcj-ors-mj-cdot-fatalities-job-logger"/>
                            <json:object-to-json-transformer doc:name="Object to JSON"/>
                            <http:request config-ref="HTTP_Request_Configuration" path="${http.pathFatalities}" method="PUT" doc:name="HTTPS - PUT">
                                <http:request-builder>
                                    <http:header headerName="client_id" value="${http.clientId}"/>
                                    <http:header headerName="client_secret" value="${http.clientSecret}"/>


                                </http:request-builder>
                            </http:request>
                        </foreach>

					</when>
					<otherwise>
						<logger
							message="#[app.name] - #[flowVars.msgLoc] - TraceID=#[flowVars.TraceID] :: Attempting to POST"
							level="INFO" doc:name="Logger" category="dcj-ors-mj-cdot-fatalities-job-logger"/>

                        <foreach  batchSize="1000" doc:name="For Each">
                            <logger message="I am in For Each Post - Abhi   #[payload]" level="INFO" doc:name="Logger" category="dcj-ors-mj-cdot-fatalities-job-logger"/>
                            <json:object-to-json-transformer doc:name="Object to JSON"/>

                            <http:request config-ref="HTTP_Request_Configuration" path="${http.pathFatalities}" method="POST" doc:name="HTTPS - POST">
                                <http:request-builder>
                                    <http:header headerName="client_id" value="${http.clientId}"/>
                                    <http:header headerName="client_secret" value="${http.clientSecret}"/>


                                </http:request-builder>
                            </http:request>
                        </foreach>

					</otherwise>
				</choice>
				<logger message="AFTER CALL TO DATAWAREHOUSE API" level="INFO"
					doc:name="Logger" category="dcj-ors-mj-cdot-fatalities-job-logger"/>

				<flow-ref
					name="dcj-ors-mj-cdot-fatalities-job:sendFatalitiesSuccessMessage"
					doc:name="Flow Reference -  Send success message" />
				<logger message="Before calling datawarehouse aggregation for fatalities"
					level="INFO" doc:name="Logger" category="dcj-ors-mj-cdot-fatalities-job-logger"/>
				<http:request config-ref="HTTP_Request_Configuration"
					path="${http.aggregation.path}" method="PUT"
					doc:name="HTTP - PUT fatalities aggregation">
					<http:request-builder>
                        <http:query-param paramName="file" value="${http.aggregation.param}"/>
                        <http:header headerName="client_id" value="${http.clientId}"/>
                        <http:header headerName="client_secret" value="${http.clientSecret}"/>

					</http:request-builder>
				</http:request>
				<logger message="After calling datawarehouse aggregation for fatalities"
					level="INFO" doc:name="Logger" category="dcj-ors-mj-cdot-fatalities-job-logger"/>
				<set-variable variableName="responseHttpStatus"
					value="#[message.inboundProperties.'http.status']" doc:name="Variable - reponseHttpStatus" />
				<validation:is-true config-ref="Validation_Configuration"
					message="Datawarehouse did not return 200 after aggregation, returned #[flowVars.responseHttpStatus]"
					exceptionClass="dcj.ors.mj.exceptions.Non200ReturnException"
					expression="#[flowVars.responseHttpStatus == 200]"
					doc:name="Validation - Validate HTTP response from datawarehouse aggregation" />
				<object-to-string-transformer doc:name="Object to String" />
				<validation:is-true config-ref="Validation_Configuration"
					message="STORED PROCEDURE DID NOT RETURN A SUCCESSFUL RESPONSE"
					exceptionClass="dcj.ors.mj.exceptions.NonSuccessfulAggregationResponse"
					expression="#[payload.equalsIgnoreCase(&quot;Successful&quot;)]"
					doc:name="Validation - Validate Database Response as being &quot;Successful&quot;" />
				<dw:transform-message doc:name="Transform Message">
					<dw:set-payload><![CDATA[%dw 1.0
%output application/json
---
{
	"synchronizationType":"replace",
	"source":"fatalities"
}]]></dw:set-payload>
				</dw:transform-message>
                <logger message="HTTPP to " level="INFO" doc:name="Logger"/>
				<http:request config-ref="HTTP_Request_Configuration"
					path="${http.socrata.path}" method="PUT" doc:name="HTTP - To socrata">
					<http:request-builder>
						<http:header headerName="client_id" value="${http.clientId}" />
						<http:header headerName="client_secret" value="${http.clientSecret}" />
					</http:request-builder>
				</http:request>
				<set-variable variableName="responseHttpStatus"
					value="#[message.inboundProperties.'http.status']" doc:name="Variable - socrataReponseHttpStatus" />
				<validation:is-true config-ref="Validation_Configuration"
					message="Call to Socrata did not return 200, returned #[flowVars.responseHttpStatus]"
					exceptionClass="dcj.ors.mj.exceptions.Non200ReturnException"
					expression="#[flowVars.responseHttpStatus == 200]"
					doc:name="Validation - Validate HTTP response from datawarehouse aggregation" />
				<set-variable variableName="x-transaction-type" value="NOTIFICATION"
					doc:name="Set Variable - x-transaction-type" />
				<set-variable variableName="x-transaction-status"
					value="PROCESSING SUCCESS" doc:name="Set Variable - x-transaction-status" />
				<set-variable variableName="x-transaction-msg"
					value="Successfully processed fatalities file." doc:name="Set Variable - x-transaction-msg" />
				<flow-ref name="eframework.notificationFlow" doc:name="eframework.notificationFlow" />

				<!-- <logger message="The output from the HTTP GET: #[payload]" level="INFO" 
					doc:name="Logger"/> -->
				<logger
					message="#[app.name] - #[flowVars.msgLoc] - TraceID=#[flowVars.TraceID] :: FATALITIES FLOW FINISHED"
					level="INFO" doc:name="Logger"
					category="dcj-ors-mj-cdot-fatalities-job-logger" />

			</otherwise>
		</choice>




		<choice-exception-strategy doc:name="Choice Exception Strategy">
			<catch-exception-strategy
				when="#[exception.causeMatches('dcj.ors.mj.exceptions.ValidationException')]"
				doc:name="Catch Exception Strategy - Validation Exception">
				<set-variable variableName="fileArchiveFolder"
					value="${sftp.path}${sftp.path.archive}" doc:name="Variable - fileArchiveFolder" />
				<set-variable variableName="fileErrors" value="#[flowVars.problems]"
					doc:name="Variable - fileErrors" />
				<logger level="INFO" doc:name="Logger" message="Entering validation exception" />
				<flow-ref name="dcj-ors-mj-cdot-fatalities-job:sendFatalitiesProblemsMessage" 
					doc:name="Flow Reference"/> 
				<set-variable variableName="x-transaction-type" value="SYSTEM"
					doc:name="Set Variable - x-transaction-type" />
				<set-variable variableName="x-transaction-status"
					value="PROCESSING FAILURE" doc:name="Set Variable - x-transaction-status" />
				<set-variable variableName="x-transaction-msg" value="#[exception.getMessage()]"
					doc:name="Set Variable - x-transaction-msg" />
				<flow-ref name="eframework.notificationFlow" doc:name="eframework.notificationFlow" />

			</catch-exception-strategy>
			<catch-exception-strategy
				when="#[exception.causeMatches('dcj.ors.mj.exceptions.Non200ReturnException')]"
				doc:name="Catch Exception Strategy - Non 200 Return Exception">
				<set-variable variableName="fileArchiveFolder"
					value="${sftp.path}${sftp.path.archive}" doc:name="Variable - fileArchiveFolder" />
				<set-variable variableName="fileErrors" value="#[flowVars.problems]"
					doc:name="Variable -  fileErrors" />
				<logger level="INFO" doc:name="Logger"
					message="Entering non 200 return exception" />
				<!-- <flow-ref name="dcj-ors-mj-cdot-fatalities-job:sendHttpNon200ReturnedMessage" 
					doc:name="Flow Reference"/> -->
				<set-variable variableName="x-transaction-type" value="SYSTEM"
					doc:name="Set Variable - x-transaction-type" />
				<set-variable variableName="x-transaction-status"
					value="ERROR WHEN CALLING DATAWAREHOUSE" doc:name="Set Variable - x-transaction-status" />
				<set-variable variableName="x-transaction-msg" value="#[exception.getMessage()]"
					doc:name="Set Variable - x-transaction-msg" />
				<flow-ref name="eframework.notificationFlow" doc:name="eframework.notificationFlow" />

			</catch-exception-strategy>
			<catch-exception-strategy doc:name="Catch Exception Strategy">
				<set-variable variableName="fileArchiveFolder"
					value="${sftp.path}${sftp.path.archive}" doc:name="Variable - fileArchiveFolder" />
				<set-variable variableName="fileErrors" value="#[flowVars.problems]"
					doc:name="Variable - fileErrors" />
				<logger level="INFO" doc:name="Logger"
					message="General catch exception strategy" />
				<set-variable variableName="x-transaction-type" value="SYSTEM"
					doc:name="Set Variable - x-transaction-type" />
				<set-variable variableName="x-transaction-status"
					value="SOMETHING FAILED WHILE PROCESSING FILE" doc:name="Set Variable - x-transaction-status" />
				<set-variable variableName="x-transaction-msg" value="#[exception.getMessage()]"
					doc:name="Set Variable - x-transaction-msg" />
				<flow-ref name="eframework.notificationFlow" doc:name="eframework.notificationFlow" />

			</catch-exception-strategy>
		</choice-exception-strategy>
	</flow>


</mule>
