<?xml version="1.0" encoding="UTF-8"?>

<mule xmlns:amqp="http://www.mulesoft.org/schema/mule/amqp"
	xmlns:db="http://www.mulesoft.org/schema/mule/db" xmlns:anypoint-mq="http://www.mulesoft.org/schema/mule/anypoint-mq"
	xmlns="http://www.mulesoft.org/schema/mule/core" xmlns:doc="http://www.mulesoft.org/schema/mule/documentation"
	xmlns:spring="http://www.springframework.org/schema/beans" xmlns:xsi="http://www.w3.org/2001/XMLSchema-instance"
	xmlns:jms="http://www.mulesoft.org/schema/mule/jms"
	xsi:schemaLocation="http://www.mulesoft.org/schema/mule/anypoint-mq http://www.mulesoft.org/schema/mule/anypoint-mq/current/mule-anypoint-mq.xsd
http://www.springframework.org/schema/beans http://www.springframework.org/schema/beans/spring-beans-current.xsd
http://www.mulesoft.org/schema/mule/core http://www.mulesoft.org/schema/mule/core/current/mule.xsd
http://www.mulesoft.org/schema/mule/jms http://www.mulesoft.org/schema/mule/jms/current/mule-jms.xsd
http://www.mulesoft.org/schema/mule/db http://www.mulesoft.org/schema/mule/db/current/mule-db.xsd
http://www.mulesoft.org/schema/mule/amqp http://www.mulesoft.org/schema/mule/amqp/current/mule-amqp.xsd">

	<amqp:connector name="eframeworkQConnector"
		validateConnections="true" doc:name="AMQP-0-9 Connector" ackMode="MULE_AUTO"
		password="${eframework_qprovider_password}" username="${eframework_qprovider_username}" host="${eframework_qprovider_host}" port="${eframework_qprovider_port}">
	</amqp:connector>


	<flow name="eframework.errorTransactionFlow">
		<enricher source="#[flowVars['x-transaction-status']]"
			target="#[flowVars['x-transaction-status']]" doc:name="Message Enricher">
			<processor-chain doc:name="Processor Chain">
				<message-properties-transformer
					doc:name="set properties x-* ">
					<add-message-property key="x_transaction_type"
						value="#[flowVars['x-transaction-type']]" />
					<add-message-property key="x_transaction_status"
						value="#[flowVars['x-transaction-status']]" />
					<add-message-property key="x_transaction_msg"
						value="#[flowVars['x-transaction-msg']]" />
				</message-properties-transformer>
				<set-payload
					value="{&quot;x-transaction-type&quot;:&quot;#[flowVars['x-transaction-type']]&quot;, &quot;x-transaction-status&quot;:&quot;#[flowVars['x-transaction-status']]&quot;, &quot;x-transaction-msg&quot;:&quot;#[flowVars['x-transaction-msg']]&quot;, &quot;x-transaction-id&quot;:&quot;#[flowVars['x-transaction-id']]&quot;, &quot;capturePayload&quot;:#[flowVars['eframeworkCapturePayload']]}"
					doc:name="Set Payload" />
				<amqp:outbound-endpoint exchangeName="${eframework_errorq_name}"
					responseTimeout="10000"
					connector-ref="eframeworkQConnector" doc:name="ErrorQ">
				</amqp:outbound-endpoint>
			</processor-chain>
		</enricher>
	</flow>

	<flow name="eframework.notificationFlow">
		<enricher source="#[flowVars['x-transaction-status']]"
			target="#[flowVars['x-transaction-status']]" doc:name="Message Enricher">
			<processor-chain doc:name="Processor Chain">
				<message-properties-transformer
					doc:name="set properties x-* ">
					<add-message-property key="x_transaction_type"
						value="#[flowVars['x-transaction-type']]" />
					<add-message-property key="x_transaction_status"
						value="#[flowVars['x-transaction-status']]" />
					<add-message-property key="x_transaction_msg"
						value="#[flowVars['x-transaction-msg']]" />
				</message-properties-transformer>
				<set-payload
					value="{&quot;x-transaction-type&quot;:&quot;#[flowVars['x-transaction-type']]&quot;, &quot;x-transaction-status&quot;:&quot;#[flowVars['x-transaction-status']]&quot;, &quot;x-transaction-msg&quot;:&quot;#[flowVars['x-transaction-msg']]&quot;, &quot;x-transaction-id&quot;:&quot;#[flowVars['x-transaction-id']]&quot;, &quot;capturePayload&quot;:#[flowVars['eframeworkCapturePayload']]}"
					doc:name="Set Payload" />
				<amqp:outbound-endpoint exchangeName="${eframework_notificationq_name}"
					responseTimeout="10000"
					connector-ref="eframeworkQConnector" doc:name="NotificationQ">
				</amqp:outbound-endpoint>
			</processor-chain>
		</enricher>
	</flow>

</mule>


